Keyword	Trends	Impressions
i love pdf extract	[23,20,25,27,0,28,28,22,44,0,33,26,0,20,0,29,20,27,0,27,26,29,21,33,24]	532
online pdf combiner free	[29,22,33,26,27,42,24,20,41,34,26,21,21,29,30,32,27,30,31,27,35,26]	633
merge pdf gratis	[38,33,52,32,36,31,36,44,50,27,26,26,35,26,34,24,33,25,21,28,24,20]	701
pdf splitter online free	[56,49,51,49,55,42,51,45,72,65,34,35,34,42,52,65,55,71,97,92,93,55,57,64,37]	1418
ilovepdf free	[104,117,109,110,96,126,87,90,102,87,109,131,109,103,95,162,158,140,153,163,203,162,181,207,170]	3274
pdf love pdf	[59,80,96,79,127,110,124,91,143,130,120,108,125,147,96,130,173,186,187,188,177,219,245,231,247]	3618
pdf join	[166,202,208,187,174,166,173,172,171,177,163,181,214,185,151,183,147,176,201,150,160,169,180,175,147]	4378
ilovepdf dividir	[180,222,247,192,175,152,260,202,204,261,249,251,284,250,240,202,279,289,245,236,281,296,345,270,350]	6162
ilovepdf 結合	[196,252,260,262,292,227,258,265,301,284,292,272,376,367,178,354,349,342,261,242,232,347,335,299,330]	7173
ilovepdf عربي	[284,327,322,290,170,149,241,295,272,225,245,211,260,245,275,289,287,420,388,384,377,395,436,405,409]	7601
i love to pdf	[192,242,255,269,296,248,255,248,259,269,253,264,217,252,186,226,322,374,382,420,493,400,499,469,441]	7731
ilovepdf converter	[274,282,276,230,301,325,248,221,246,268,290,304,320,294,316,394,309,363,319,422,364,288,379,462,404]	7899
i love my pdf converter	[215,324,327,298,269,272,256,273,256,216,293,298,313,384,345,420,359,329,316,336,425,314,378,356,427]	7999
recortar pdf ilovepdf	[114,239,421,321,348,303,302,291,284,229,256,263,181,257,263,329,351,397,419,353,415,385,388,393,506]	8008
we love pdf	[219,258,285,262,281,296,271,336,337,306,279,268,409,362,269,290,312,392,372,429,313,420,387,365,406]	8124
i love pdf free	[209,216,211,261,217,226,210,248,315,346,305,239,272,315,292,339,376,424,431,406,388,455,429,486,552]	8168
ilovepdf juntar	[303,397,384,380,379,277,357,334,327,269,237,224,273,334,318,302,404,401,417,350,275,338,264,325,307]	8176
ilovepdf compresser	[218,271,309,220,284,310,370,352,349,378,322,338,311,323,288,301,417,390,447,348,395,369,426,402,390]	8528
fusionner pdf ilovepdf	[286,315,351,364,372,321,388,336,307,403,328,369,281,277,232,278,336,353,439,386,341,381,413,420,434]	8711
i live pdf	[322,372,385,384,359,398,399,362,423,319,316,327,366,327,314,332,393,323,457,425,401,444,406,360,421]	9335
ilovepdf unire	[328,407,361,380,896,427,427,409,353,411,366,364,344,314,132,134,249,380,387,454,468,420,498,439,435]	9783
word ke pdf gratis ilovepdf	[20,47,56,48,77,108,132,111,75,97,405,472,505,537,563,710,677,767,873,837,862,1002,899,945]	10825
pdf merge ilovepdf	[325,404,489,464,400,383,459,456,396,486,497,492,459,389,381,414,506,419,383,438,472,428,472,530,475]	11017
i ilovepdf	[231,289,374,435,438,421,429,454,344,363,462,547,525,504,512,589,519,748,415,420,480,523,493,429,552]	11496
ilovepdf edit pdf	[360,398,398,428,389,414,456,450,482,472,504,516,579,451,522,460,557,476,520,494,514,535,535,565,511]	11986
pdf i love	[493,521,511,561,484,506,492,505,484,477,447,485,397,454,433,474,568,509,523,483,528,491,531,465,409]	12231
i love pdf.com	[421,447,477,462,491,457,461,467,421,469,426,463,476,479,476,447,538,572,625,536,515,525,606,666,591]	12514
love my pdf	[490,503,611,651,569,544,502,444,462,440,492,465,512,506,493,491,449,476,550,516,502,617,556,556,480]	12877
ilovepdf editar pdf	[400,464,467,453,495,462,487,487,485,474,588,483,520,506,480,491,451,635,662,585,607,583,446,628,553]	12892
word para pdf ilovepdf	[372,524,520,441,466,510,401,534,529,462,473,432,474,490,510,551,531,597,597,547,641,600,585,553,604]	12944
ilovepdf jpg a pdf	[404,430,464,494,422,500,433,464,384,390,412,449,511,564,538,574,720,995,868,713,704,761,775,788,711]	14468
pdf a imagen ilovepdf	[504,622,609,893,555,605,566,556,631,554,534,521,566,513,571,602,736,646,729,587,663,645,665,626,635]	15334
jpg a pdf ilovepdf	[489,568,517,623,567,549,547,559,551,529,541,521,531,571,562,643,775,855,703,721,709,711,653,738,697]	15430
i love pdf gratis	[475,566,603,638,681,731,612,604,529,528,562,459,517,539,544,527,705,628,680,691,731,745,761,748,812]	15616
firmar pdf ilovepdf	[613,596,702,678,575,514,526,578,501,565,630,660,614,520,557,630,787,747,719,721,839,778,699,735,765]	16249
pdf i love pdf	[516,564,613,585,652,644,612,624,638,641,679,648,696,660,587,632,643,657,702,730,711,745,808,719,716]	16422
pdf a jpg ilovepdf	[662,709,672,743,680,601,605,661,589,588,562,553,645,646,649,656,697,787,680,567,702,689,764,688,652]	16447
transformar pdf em word ilovepdf	[571,739,775,838,736,610,516,580,696,626,569,694,673,626,694,706,799,816,682,757,583,692,645,602,704]	16929
pdf lovers	[569,714,757,700,711,704,681,671,720,687,712,679,639,596,582,688,772,812,784,790,828,758,842,795,846]	18037
l love pdf	[638,713,774,731,693,754,757,770,696,709,645,606,676,649,612,634,664,701,852,841,768,797,814,833,819]	18146
convertir pdf a word ilovepdf gratis	[345,363,425,446,425,643,742,798,659,772,764,832,715,724,816,891,1096,1156,1040,980,1034,990,930,1012,1070]	19668
my love pdf	[503,587,610,580,579,601,736,809,837,860,776,684,953,834,682,852,821,966,1002,1086,968,1014,964,966,965]	20235
edit pdf ilovepdf	[706,775,758,731,677,729,820,745,853,871,832,826,859,846,857,804,977,895,852,910,932,843,1024,1032,881]	21035
ilovepdf convertir	[506,583,702,581,545,616,699,749,1007,911,592,724,731,692,574,758,1119,1019,1055,1148,939,1070,1253,1342,1145]	21060
convert word to pdf ilovepdf	[857,776,867,864,819,810,965,882,905,905,822,953,874,930,956,879,898,1083,1132,1080,1007,831,998,981,973]	23047
pdf ilovepdf	[812,954,1015,912,939,921,894,895,934,846,914,881,878,814,801,794,927,952,909,932,950,985,1124,1089,1017]	23089
www.ilovepdf.com pdf	[821,954,981,907,875,883,922,930,949,919,938,950,894,912,710,819,962,945,1013,984,958,1043,963,1005,947]	23184
pdf para word ilovepdf	[763,1010,988,961,957,929,731,875,907,809,898,902,936,1051,967,1053,1053,1238,1129,1053,1054,1013,1032,1004,1018]	24331
juntar pdf ilovepdf	[790,954,883,902,1060,892,765,982,972,932,961,928,936,991,999,961,1036,1001,1054,1068,968,1080,1101,1062,1107]	24385
ilovepdf 日本語	[987,946,1141,1122,1086,1068,1149,1207,1079,1064,1110,953,1109,994,514,1088,1197,1267,1090,1090,1053,1260,1168,1057,1102]	26901
ilovepdf compressed	[895,718,789,767,709,873,980,939,911,1037,1011,991,1426,1163,1186,1388,1290,1163,1405,1278,1353,1012,1308,1718,1101]	27411
www.ilovepdf.com ​​​​	[863,952,1250,1367,1323,1342,1232,1103,969,975,972,1007,1002,924,900,1022,1182,1310,1565,1282,1436,939,1001,1186,1323]	28427
converter pdf em word ilovepdf	[775,1025,1068,1053,1103,1163,841,1060,987,959,967,1142,1275,1178,1209,1304,1386,1319,1252,1399,1356,1273,1248,1167,1288]	28797
separar pdf ilovepdf	[974,1220,1197,1123,1192,1118,1031,1137,1178,1195,1144,1118,1204,1112,1227,1351,1333,1422,1314,1168,1247,1435,1296,1218,1261]	30215
ilovepdf pdf to excel	[891,960,826,832,760,864,1070,1127,1211,1236,1183,1078,1571,1552,1374,1723,1742,1508,1478,1315,1425,1173,1255,1385,1000]	30539
gabung pdf ilovepdf	[1101,1127,1186,1084,1165,1242,1203,1098,1307,1188,1281,1399,1320,1280,1177,1258,1302,1203,1301,1410,1253,1334,1385,1335,1292]	31231
ilovepdf jpg to pdf	[1080,1157,1146,1178,1126,1077,1108,1106,1122,1184,1221,1142,1450,1175,1222,1330,1498,1492,1370,1501,1611,1423,1556,1793,1447]	32515
ilovepdf editar	[915,749,1051,908,741,872,1091,913,992,1699,1498,1606,1664,1404,1505,1095,1690,1657,1504,1753,1891,1789,1652,1590,1763]	33992
ilov	[1148,1217,1370,1321,1245,1233,1279,1390,1391,1365,1322,1237,1459,1284,1208,1266,1309,1479,1530,1463,1609,1659,1561,1518,1473]	34336
i heart pdf	[1233,1272,1240,1280,1270,1255,1343,1399,1117,1228,1348,1349,1320,1337,1307,1439,1514,1587,1582,1623,1585,1722,1658,1567,1679]	35254
i love pdf en ligne	[1534,1738,1998,1713,1720,1482,1655,1489,1435,1361,1186,1230,1111,1021,743,912,1160,1399,1495,1407,1562,1627,1509,1537,1402]	35426
love pdf	[1281,1414,1576,1450,1410,1426,1394,1424,1520,1444,1229,1252,1256,1162,1015,1074,1312,1630,1751,1870,1561,1515,1478,1511,1586]	35541
dividir pdf ilovepdf	[1232,1528,1398,1552,1527,1523,1531,1534,1387,1503,1408,1378,1316,1289,1301,1299,1499,1629,1602,1278,1620,1597,1516,1517,1574]	36538
ilovepdf split	[1118,1389,1313,1216,1192,1222,1369,1266,1400,1448,1458,1393,1538,1457,1626,1611,1795,1554,1641,1638,1718,1634,1796,1744,1671]	37207
pdf to jpg ilovepdf	[1227,1332,1669,1371,1276,1466,1495,1230,1366,1390,1453,1540,1482,1437,1473,1453,2059,1623,1653,1649,1628,1542,1664,1565,1436]	37479
jpeg to pdf ilovepdf	[1328,1439,1406,1457,1359,1415,1579,1365,1401,1512,1719,1555,1649,1431,1611,1585,1740,1773,1675,1728,1713,1789,1713,1624,1636]	39202
ilovepdf pdf to jpg	[2497,2313,1845,1600,1063,1206,1519,1090,1740,2445,2452,1680,1419,1837,1194,1312,1779,1442,1712,1862,2133,1342,1019,1033,789]	40323
pdf lover	[1604,1669,1871,1671,1656,1718,1757,1690,1553,1462,1549,1491,1502,1504,1338,1484,1565,1588,1710,1890,1725,1835,1798,1797,1718]	41145
i love pdf français	[1429,1569,1454,1601,1669,1706,1768,1518,1437,1480,1479,1335,1336,1406,1417,1581,1829,1608,1933,2119,2046,2022,1926,1748,1882]	41298
in love pdf	[1336,1620,1829,1898,1872,1645,1473,1587,1465,1531,1649,1486,1374,1649,1580,1656,1714,1733,1821,1739,1858,1792,1681,1671,1775]	41434
ilovepdf merge pdf	[1390,1573,1654,1626,1519,1467,1707,1401,1485,1441,1446,1540,1583,1636,1604,1785,1834,1782,1766,1825,1870,1861,1984,2033,1812]	41624
jpg to pdf ilovepdf	[1342,1739,1579,1546,1416,1411,1439,1383,1605,1546,1531,1644,1758,1508,1549,1685,2880,1914,1952,1928,1969,1733,1974,1710,1604]	42345
pdflove	[1574,1745,1885,1893,1715,1910,1788,1698,1745,1759,1616,1607,1577,1545,1400,1551,1751,1726,1866,1863,1946,2011,1895,1868,1942]	43876
ilovepdf comprimir	[1430,1660,1825,1749,1736,1546,1538,1634,1581,1804,1726,1640,1805,1640,1738,1636,1894,1905,1995,1861,2053,1960,2014,1980,1972]	44322
word to pdf converter ilovepdf	[1794,1744,1775,1946,1652,1793,1855,1861,1819,1975,1907,2002,1903,1721,1566,1791,1734,1980,2007,1831,1793,1333,1767,1739,1308]	44596
ilovepdf fusionner	[890,944,1245,1060,1197,1297,1496,1332,2813,2916,1244,1990,1925,1270,890,1292,3008,2511,2306,2512,1665,1663,2127,3047,1966]	44606
da pdf a word ilovepdf	[1392,1923,2123,2133,1937,2207,2038,1877,1648,1660,1654,1538,1517,1315,625,873,1467,1903,1963,2069,2087,2165,2177,2219,2130]	44640
ipdf	[1511,1889,2243,2197,2097,2162,2261,2101,1897,1730,1889,1834,1877,1848,1705,1801,1784,1971,2116,2055,2092,1369,1501,2087,1924]	47941
convert word to pdf online	[1643,1808,1816,1913,1667,1794,1938,1855,1949,1943,1879,1819,1998,1727,1826,2011,1928,2039,2300,2465,2223,1721,2200,2139,1629]	48230
editar pdf ilovepdf	[1576,1862,1725,2175,1730,1835,1756,1880,1919,2043,1960,1809,1814,1942,2077,2000,2272,2567,2370,2046,2170,2138,2102,2012,2131]	49911
ilovepdf在线转换	[3110,4899,5261,5337,4419,2773,2224,2016,1620,1486,1277,1214,1165,1053,998,1055,1134,1236,1427,1413,1328,742,929,1334,1222]	50672
convert pdf to word ilovepdf	[2093,2008,2074,1947,1710,1748,1914,1927,1866,1944,1936,2017,2056,2011,2014,2250,2615,2735,2466,2653,2379,2095,2401,2512,2416]	53787
ilovepdf.com	[1839,1989,2372,2373,2087,2084,2135,2188,1859,2216,1941,2027,1997,1999,1943,1973,2579,2392,2425,2446,2379,2095,2360,2352,2350]	54400
merge pdf ilovepdf	[1814,2091,2127,2239,2061,1819,1979,2021,2117,2122,2228,1943,2227,2135,2053,2094,2355,2376,2452,2404,2657,2569,2595,2495,2469]	55442
ilovepdf gratis	[923,1034,1218,1098,1310,1246,1302,1412,1520,1911,1795,2035,2311,2268,2393,2006,2752,2673,2553,3620,3916,4192,4083,4147,4177]	57895
word to pdf ilovepdf	[2358,2465,2533,2485,2284,2309,2416,2124,2152,2130,2114,2107,1979,1889,1942,1934,2283,2633,2614,2446,2501,2557,2664,2714,2555]	58188
ilovepdf compress	[1851,1751,2033,2067,1715,1875,2297,2032,2313,2441,2405,2441,2525,2343,2494,2310,2629,2402,2777,2889,2819,2759,2701,2701,2539]	59109
ilovepdf juntar pdf	[1924,2498,2338,2447,2443,2254,1904,2412,2259,2400,2367,2242,2437,2372,2491,2412,2551,2579,2504,2467,2708,2667,2599,2684,2499]	60458
ilovepdf to word	[2409,2772,2640,2597,2174,2481,2794,2556,2258,2102,2118,2039,2247,2517,2498,2455,2731,2617,2628,2726,2771,2654,2779,2838,2712]	63113
pdf tools	[2056,2569,2472,2558,2525,2545,2564,2466,2482,2466,2451,2312,2325,2406,2206,2368,2658,2695,2944,2791,2959,2868,2931,2937,2884]	64438
ilovepdf edit	[2402,2321,2338,2457,2051,2156,2503,2387,2422,2243,2124,1955,2581,2568,2826,2718,2781,3076,3271,3184,3199,3190,3088,3305,2807]	65953
i love you pdf	[2194,2593,2788,2867,2687,2643,2539,2596,2736,2638,2676,2776,2671,2493,2496,2646,2685,2835,3008,3000,3190,2938,2945,2835,2873]	68348
comprimir pdf ilovepdf	[2308,2711,2851,2845,2725,2645,2442,2539,2708,2631,2449,2384,2357,2470,2740,2720,3140,3806,3108,2896,3155,3151,2997,2890,3040]	69708
ilovepdf word to pdf	[2679,2856,2705,2676,2321,2362,2727,2330,2406,2452,2447,2436,2458,2464,2275,2373,2543,2404,2803,3429,3571,3470,4002,4050,3934]	70173
love pdf converter	[2907,3145,2999,2872,2492,2816,2749,2751,2786,2813,2759,2706,2848,2776,2752,3037,3125,2864,3115,3194,3294,3228,3122,3291,3097]	73538
i love pdf merge pdf	[2103,2146,2556,2603,2641,2637,2883,3015,2803,2816,2925,3073,3230,3012,2831,3283,3231,3252,3184,3379,3559,3250,3326,3488,3281]	74507
yo amo pdf	[3204,3299,3270,3458,3321,3279,3296,3044,3120,3141,3005,3054,3131,3119,3374,3169,3838,3963,3554,3315,3724,3869,3569,3487,3756]	84359
pdf a word ilovepdf	[2912,3221,3437,3504,3383,3226,3137,3287,3083,3178,3097,3038,3027,3014,3203,3302,3791,4045,3743,3397,4011,3983,3726,3644,3839]	85228
ilovepdf online	[3073,2464,2498,2670,2487,2375,3247,3099,3367,3265,3138,2776,3991,3144,4380,3427,3344,10357,4205,3196,4144,3158,3418,4374,2960]	88557
i love pdf español	[3801,4199,4155,4085,3574,3962,3959,3670,3430,3442,3267,2919,3237,3104,3019,2945,3339,3837,3572,3325,3657,3865,3508,3614,3440]	88925
i love pdfs	[2994,2847,3389,3546,3805,3512,3856,3864,3669,3728,4261,3678,3652,3402,4014,4182,3797,3387,3694,3851,3695,3807,3813,4063,4044]	92550
ilovepdf pdf	[2731,2624,2995,2959,2735,2837,3423,3271,3676,3723,3661,3678,4905,3599,3481,3838,4456,4008,4187,3946,4690,4121,4333,4926,4362]	93165
ilovepdf español	[1792,2776,2949,2226,2319,2058,1990,6603,6275,3692,3892,2824,2384,4092,1576,1602,1709,3110,6032,3343,4777,5443,5962,7321,7652]	94399
ilovepdf en français	[1920,2008,2686,1979,2139,3135,2814,6728,3955,6366,3221,3201,3159,2628,1755,2533,4234,3519,5002,6089,4037,6271,5327,4731,5825]	95262
pdf to word converter ilovepdf	[3712,3736,4406,4337,4060,4319,4612,4742,3798,4057,3798,3840,3955,3508,3319,4174,4319,4199,4264,4130,3666,2899,3863,3779,2550]	98042
ilovepdf unir	[3199,4059,4077,4391,4364,4493,4043,4251,4015,3960,3743,3512,4018,3719,3285,3356,4086,4628,4347,4095,4565,4949,4959,5155,5038]	104307
我爱pdf	[2765,4130,5300,5615,5489,6130,5379,4397,4002,3610,3375,3570,3724,3279,3394,3644,3665,4421,5267,4913,4855,2439,3471,5166,5348]	107348
ilovepdf unir pdf	[3693,3251,4009,3575,3151,3426,4023,3619,3565,5060,4953,4699,5157,4245,4656,3486,5354,5192,4747,5004,5012,5475,4580,4304,4838]	109074
merge pdf i love pdf	[3788,4167,4024,3931,3561,3931,4049,4180,3921,4062,4153,4106,4076,4172,3975,4628,5542,5282,4934,5176,7462,4878,5115,5094,3772]	111979
de pdf a word ilovepdf	[3173,4083,4430,4858,4411,4518,4418,4132,4115,4531,4263,4195,4262,4209,4434,4635,5231,5722,5488,5159,5510,5572,5153,5192,5675]	117369
i love pdf unir	[3911,4966,4887,5277,5176,5190,4909,4854,5136,4938,4839,4481,5027,4557,4207,4089,4930,5629,5357,5675,6080,6280,5749,5713,6264]	128121
ilovepdf português	[3996,5158,4929,4873,4855,4624,4434,5262,4666,4375,4361,4042,7143,4880,6414,5530,5143,5305,5315,5019,7257,5816,5191,5024,5185]	128797
i love pdf gratuit	[3360,5787,4292,3455,4497,4289,5065,5003,4637,4966,4201,4642,4399,3701,3273,4301,5604,6599,7090,7172,7436,7180,7108,7102,6696]	131855
ilovepdf pdf a word	[4038,4902,5250,5629,5346,5431,5595,5525,4995,5781,4902,4745,5396,5598,5933,6496,8070,7552,7257,6190,7312,7314,6403,6402,6588]	148650
pdf to word ilovepdf	[5479,5664,5849,5319,4874,5197,5638,5511,5594,5890,5918,5678,5452,5503,5491,5619,9254,8100,7192,6977,6363,6576,6397,6847,6523]	152905
pdf to word free	[5872,6294,6552,6028,5941,5988,6338,6161,6181,6294,5910,5904,5922,5605,5793,6520,6882,7379,8147,7378,6988,6579,6806,7181,6954]	161597
convert pdf to word free	[6457,6754,7198,6735,6339,6647,6644,6786,6430,6425,6224,6534,6343,6492,6640,7186,6983,8060,8865,8172,7291,6809,7454,8663,7254]	175385
ilovepdf pdf para word	[6367,7440,7792,7916,8157,7687,6605,7153,7030,6619,6051,6056,8190,7350,8602,8702,8642,8771,8051,8113,8914,8140,7794,7306,7529]	190977
convert to pdf	[7659,8192,8091,7959,7359,7534,7821,7967,7649,7677,8020,7765,7806,7827,7543,8550,8329,8363,9052,8889,8929,8290,8741,8719,7911]	202642
pdf creator	[7900,9071,9579,8338,9102,8449,8396,8603,8352,8736,8218,8184,7560,7129,6155,7097,7330,7657,7938,8014,8032,8146,8458,8226,8346]	203016
separar pdf	[7104,8711,8603,8391,8327,8058,7751,8122,8244,7938,7616,7349,7343,7764,7643,7804,8372,8878,8509,8002,8581,9011,8504,8390,8416]	203431
pdf combiner	[10555,10947,9784,9313,8964,9250,9055,9057,8366,8929,8895,8768,8993,8666,8528,8942,8743,9168,10273,10417,10217,10301,10559,10217,9916]	236823
ilovepdf en español	[2608,3076,6227,4403,4280,5195,7148,7115,4658,15034,9574,12668,15509,10247,12111,7722,16657,11599,15944,14920,11599,16210,12838,12782,14015]	254139
i love pdf converter	[9645,10871,11685,11571,9330,11022,11144,10456,10134,9841,10136,10343,10049,10085,9482,9790,9650,9614,10091,10758,10737,10186,10029,9934,8959]	255542
ilovepdf在线转换官网	[11038,13790,21461,21736,24340,25730,11452,8924,6901,6720,6165,6009,5972,5475,5591,6246,6610,7958,8788,9039,8826,4109,5896,8527,8558]	255861
i lovepdf	[8741,9991,10513,9978,8444,9200,11370,11027,9951,9655,9924,9583,10042,10507,10504,11128,11365,10803,12034,11847,11919,12345,12664,13028,12856]	269419
unir pdf ilovepdf	[9689,11436,11953,12455,12175,12223,11976,11768,11573,11462,10969,11029,11655,11385,11433,12086,12675,14366,13265,12136,13560,14240,13729,13056,13606]	305900
i love	[11273,12560,13884,13144,12740,13286,12771,13625,12583,12173,12423,12478,12629,12353,12589,12949,13974,14351,14794,14714,15361,15508,15406,14837,14125]	336530
i love my pdf	[9878,11654,12740,12315,11797,13035,13529,13831,12663,13300,13379,13589,14405,13928,14047,15115,15843,15591,16714,16847,16418,15727,16430,15790,15684]	354249
ilovepdf merge	[14193,12875,13690,13102,12012,12274,13772,13467,14350,15845,15581,14294,17406,16757,15887,15957,17967,15885,17464,17040,18534,17722,18724,20212,17535]	392545
convert pdf to jpg	[14745,15675,16534,16043,14750,15763,16126,15556,15257,16022,16431,16684,16878,16482,16123,16210,16000,15066,16483,16432,16711,15805,16097,15858,14285]	398016
ilove	[13779,15536,16899,16450,16022,16155,16166,16787,16775,17049,16096,16499,17913,16839,16532,16262,18698,18973,19523,18946,20144,19898,19529,19853,19885]	437208
i love pdf merge	[15326,16250,17110,17404,15300,15970,17052,17521,17465,17748,17773,18050,18602,18198,17880,19249,20555,19721,20837,20840,20950,19948,21821,22060,19123]	462753
love	[23710,24437,24385,24585,23973,23896,22741,22940,21384,21796,21619,21498,20055,19715,19117,20409,20874,20258,21678,20538,20082,19951,21505,19530,19682]	540358
pdf love	[18977,22260,22590,23257,22147,22298,21443,21165,21435,21565,20770,20090,20877,20885,20134,20991,22712,23827,22245,20114,22453,23383,21942,21692,22064]	541316
pdf merge	[22445,24423,25147,24971,22487,23094,24050,23898,23812,24295,23729,23630,24659,23630,22689,24311,24669,23932,25966,24727,25010,24350,25893,25839,22481]	604137
pdf converter	[23824,25447,25932,24493,23709,23901,24047,23899,22854,23316,23461,23061,23491,22657,22357,24283,24700,25689,27465,27101,26808,24700,26292,25625,23877]	612989
convert word to pdf	[26130,27460,28232,27600,25123,26610,27782,26712,26111,26303,26429,26725,26250,25429,23869,26033,25475,25919,28174,28401,27822,24909,27648,28259,24131]	663536
combine pdf	[29014,30276,30642,29169,27763,28308,29569,28786,28671,29503,29081,29116,29868,28355,28458,28861,29637,28370,31092,30583,30786,30811,30987,30710,29087]	737503
ilovepdf pdf to word	[24913,22776,24480,23063,20331,21294,32572,27804,32526,33942,33638,30303,45025,34427,30764,32068,37406,30950,35522,33634,39091,35332,37800,43839,34582]	798082
pdf merger	[35901,36713,37091,36523,34122,35392,36071,36542,35031,36005,36349,35273,37999,35493,33389,35927,35247,36989,40201,40382,40029,35725,41004,40490,31332]	915220
i love pdf to word	[37260,40004,42311,40206,36853,37828,39812,38718,38016,39657,40347,40010,40392,38757,38533,42485,43641,42052,45246,45438,43526,40324,46221,46389,39757]	1023783
ilove pdf	[60957,66547,73836,66014,69551,69923,72189,76341,73993,77861,74068,74735,77546,72934,70050,70341,80009,81352,85758,84765,88882,90188,88011,89631,86716]	1922198
unir pdf	[67789,79573,81767,84894,80077,79931,78163,77796,79530,77743,75238,73972,73601,71662,72210,72907,79418,84165,80887,78635,84340,88677,81867,80737,85424]	1971003
convert pdf to word	[86572,92243,94176,89760,82092,88416,94056,89691,87239,90097,91353,91214,90352,87616,82534,88755,86932,85823,94638,96221,92444,85808,93574,91318,82103]	2235027
merge pdf	[108469,114523,118455,118420,107718,113858,120317,117108,116802,118881,119954,119197,124583,119545,113106,120652,119402,116941,129571,128775,128376,120897,131224,130088,105720]	2982582
pdf to word converter	[154109,158670,163126,160418,143265,150530,160897,162290,154861,161337,164848,161059,162360,152686,140485,162643,153438,154907,170659,170259,164681,131743,171957,162773,117225]	3911226
pdf	[306499,333012,325239,301452,307984,321520,312336,305830,297096,322543,239573,149429,150135,148550,136416,165906,156455,163693,173268,172394,174029,169053,171271,180533,180401]	5664617
pdf to word	[265047,284803,299307,281323,258327,273410,287151,266040,257663,260601,261860,257929,257342,253561,245274,252163,259493,255562,282906,289556,287810,281907,294652,296467,278887]	6789041
i love pdf	[603716,645458,734207,600277,677839,691949,740966,753028,709748,754100,731568,746661,753424,708574,665466,669387,762535,785416,838935,809738,843465,849311,837806,872356,798602]	18584532