"Keyword","Trends","Impressions"
"merge pdf files free download","[20]","20"
"google pdf merge","[22,24,27,23,21]","117"
"merge pdf gratuit","[21,25,28,23,26]","123"
"pdf split and merge basic","[20,21,20,25,20,21,27,33,29]","216"
"i love pdf extract","[0,20,0,29,20,27,0,27,26,29,21,33,24]","256"
"love pdf merge","[23,46,48,30,21,0,21,0,35,0,35,33,22]","314"
"free pdf merge online","[25,36,29,34,29,20,41,29,41,40,21]","345"
"pdf merge and split","[30,22,33,26,37,32,27,32,60,24,32]","355"
"pdf merge download","[25,50,41,56,43,36,28,60,57,56,31,60,68]","611"
"how to merge two pdf files","[86,57,65,48,54,47,56,50,55,46,50,47,39]","700"
"pdf merger free download","[60,61,51,63,71,65,58,70,83,45,46,60,51]","784"
"merge documents into pdf","[65,44,56,61,58,62,60,77,55,81,90,68,53]","830"
"smallpdf merge pdf","[86,107,106,74,102,80,108,93,111,80,101,111,108]","1267"
"pdf live","[125,102,98,78,120,129,137,91,109,130,98,106,108]","1431"
"add pdf to pdf","[141,130,112,114,124,108,113,118,101,83,109,130,111]","1494"
"pdf merge free online","[79,102,98,107,137,110,98,126,134,128,136,133,123]","1511"
"merge pdf file online","[121,90,127,135,129,124,116,97,122,104,116,157,110]","1548"
"pdf merge adobe","[126,120,134,122,148,97,94,127,140,152,109,132,137]","1638"
"merge pdf to pdf","[132,132,138,130,131,184,164,117,193,120,171,145,95]","1852"
"merge pdfs free","[97,114,151,178,143,137,190,232,193,134,132,132,146]","1979"
"merge two pdfs","[157,174,152,141,151,171,200,167,137,136,132,154,152]","2024"
"adobe acrobat merge pdf","[143,204,152,194,153,137,197,141,119,104,141,163,179]","2027"
"merge pdf files for free","[132,89,136,149,126,150,103,120,234,296,240,147,145]","2067"
"merge pdf pages","[186,158,155,175,163,167,154,155,155,147,171,148,139]","2073"
"merge pdf small pdf","[140,141,172,162,206,162,167,150,191,159,171,157,140]","2118"
"pdfmerger","[180,137,146,158,162,187,153,192,172,178,179,197,202]","2243"
"merge pdf documents","[173,159,178,197,188,178,193,158,125,168,164,192,175]","2248"
"pdf to merge pdf","[180,151,188,163,183,188,177,172,227,159,167,176,123]","2254"
"sejda merge pdf","[168,174,129,165,202,208,184,200,198,203,175,199,154]","2359"
"love merge pdf","[166,178,176,163,172,182,199,181,221,157,194,216,186]","2391"
"merge pdf for free","[193,176,176,216,155,189,192,208,220,195,228,180,173]","2501"
"pdf merge online free","[197,200,167,177,211,199,190,218,179,186,227,193,165]","2509"
"merging pdf files","[222,186,196,177,199,225,220,239,203,210,201,202,236]","2716"
"merge pdf files online","[206,178,197,219,214,193,222,231,256,168,214,274,159]","2731"
"join pdf online","[204,244,208,232,225,268,212,228,211,163,231,171,196]","2793"
"free merge pdf","[204,240,240,223,236,217,232,237,213,196,187,193,191]","2809"
"pdf mer","[193,198,216,214,210,227,228,217,229,198,255,236,191]","2812"
"merge pdf files free","[186,193,177,214,218,229,263,171,275,175,234,257,283]","2875"
"merge pdf file","[256,259,240,242,233,221,228,215,223,238,218,217,174]","2964"
"combine pdf online free","[247,259,222,189,243,222,211,212,243,225,246,221,240]","2980"
"free pdf merge","[193,200,198,235,230,250,290,229,274,256,233,221,234]","3043"
"merge pdf and jpg","[221,262,230,259,227,195,243,314,289,299,288,281,237]","3345"
"online merge pdf","[271,283,248,283,248,301,271,320,310,236,215,274,148]","3408"
"free pdf merger online","[200,187,174,211,197,253,204,259,439,406,381,280,251]","3442"
"merge pdf free online","[224,238,208,218,341,290,275,274,296,274,281,258,271]","3448"
"pdf fusionner","[271,191,194,203,252,286,282,313,282,298,315,291,295]","3473"
"merge pdf online ilovepdf","[315,280,281,321,300,306,297,335,416,279,310,278,234]","3952"
"how to merge pdf files into one file","[188,167,176,232,241,222,267,445,476,463,565,382,343]","4167"
"pdf split and merge","[316,292,564,330,367,306,331,351,372,289,323,310,289]","4440"
"merge pdf adobe","[330,351,305,401,368,317,326,416,370,366,312,333,280]","4475"
"pdf to merge","[387,355,326,305,317,392,416,384,385,356,417,382,279]","4701"
"pdf combine online","[441,379,390,371,351,350,371,374,386,352,387,372,301]","4825"
"merged pdf file","[436,417,401,359,414,359,342,392,375,390,382,428,278]","4973"
"merge pdf files online. free service to merge pdf","[455,415,380,428,352,372,472,381,354,360,377,404,332]","5082"
"unir archivos pdf","[321,362,346,364,402,397,392,385,456,462,458,429,435]","5209"
"small pdf merge","[426,378,396,447,455,417,458,410,474,408,419,417,422]","5527"
"merge documents","[471,439,479,441,488,466,461,436,389,377,447,418,431]","5743"
"merg","[459,424,479,444,404,481,408,460,472,404,441,506,445]","5827"
"pdfmerge","[415,449,392,430,482,527,452,436,468,474,450,459,432]","5866"
"adobe combine pdf","[484,408,446,417,451,426,557,528,493,547,499,526,559]","6341"
"merge files","[538,491,439,463,473,501,585,536,489,444,541,510,515]","6525"
"pdf binder","[505,531,511,487,494,493,510,528,534,476,454,570,442]","6535"
"combine pdf documents","[580,510,577,528,506,506,489,503,449,495,517,576,578]","6814"
"adobe pdf merger","[498,428,445,443,537,580,606,653,629,680,651,542,695]","7387"
"combinepdf","[497,507,463,521,555,604,642,634,621,646,559,630,550]","7429"
"merged","[648,588,598,562,588,517,638,683,682,587,627,647,643]","8008"
"combiner pdf","[566,532,456,530,587,627,688,689,688,748,693,701,685]","8190"
"merge pdf online free","[581,573,630,633,689,654,688,733,710,617,657,645,546]","8356"
"دمج pdf","[605,571,615,648,727,724,753,694,649,755,681,707,764]","8893"
"compile pdf","[719,725,726,744,632,656,701,663,790,727,704,755,710]","9252"
"adobe merge pdf","[684,634,648,627,797,700,847,830,743,809,750,840,834]","9743"
"online pdf merger","[807,878,735,862,868,835,858,846,833,713,816,918,539]","10508"
"how to merge pdf files","[1010,850,812,959,868,1014,838,728,750,700,718,736,661]","10644"
"pdf compiler","[757,718,678,650,745,909,955,879,849,858,910,917,959]","10784"
"convert to pdf free","[753,834,894,936,1008,911,1032,935,835,829,793,899,891]","11550"
"combine pdf files free","[645,673,687,867,899,885,912,1117,1316,1245,1027,729,703]","11705"
"pdf merger free online","[895,959,1072,999,1019,923,835,885,867,938,814,884,845]","11935"
"merger","[1004,915,824,899,825,919,957,1043,906,892,944,1015,1002]","12145"
"fusionner pdf gratuit","[836,750,695,914,980,1014,980,929,1025,1055,1102,979,1054]","12313"
"i love merge pdf","[833,774,758,914,942,927,899,926,1218,1075,1059,1118,958]","12401"
"pdf merge i love pdf","[821,833,859,923,1021,894,1022,874,1261,984,999,1131,960]","12582"
"mergepdf","[1010,1091,894,1043,1006,1057,1206,1134,1144,1084,1205,1186,1034]","14094"
"free pdf merger","[931,1003,1012,938,1175,1268,1333,1270,1078,961,1013,1057,1061]","14100"
"combine pdfs","[965,1066,1061,974,1024,1001,1120,1260,1197,1259,1146,1131,1152]","14356"
"pdf merge free","[1118,948,954,1041,1137,1055,1185,1155,1287,1177,1232,1188,1046]","14523"
"pdf merge online","[1200,1062,1059,1141,1134,1130,1163,1212,1234,1072,1276,1238,1025]","14946"
"pdf combiner free","[1085,1122,1101,1054,1195,1277,1283,1302,1289,1378,1244,1320,1302]","15952"
"combine pdf files","[1586,1308,1400,1476,1409,1397,1366,1326,1172,1301,1393,1516,1554]","18204"
"fusion pdf","[1481,1158,899,1171,1319,1438,1464,1451,1522,1602,1663,1704,1495]","18367"
"join pdf","[1519,1350,1248,1428,1353,1414,1612,1482,1487,1528,1543,1509,1367]","18840"
"combine pdf free","[1375,1471,1394,1503,1605,1619,1781,1594,1464,1343,1431,1553,1551]","19684"
"pdf birleştirme","[1556,1415,1388,1357,1240,1640,1436,1536,1468,1672,1605,1742,1786]","19841"
"how to combine pdf files","[1458,1419,1348,1458,1653,1632,1746,1596,1577,1604,1529,1559,1615]","20194"
"merge jpg to pdf","[1602,1566,1547,1508,1675,1652,1651,1732,1611,1529,1700,1663,1297]","20733"
"split pdf i love pdf","[1480,1443,1537,1759,1705,1683,1810,1750,1761,1568,1752,1784,1414]","21446"
"ilove pdf to word","[1283,1118,1158,1238,1663,1759,1760,1920,1728,1933,1942,2154,1992]","21648"
"merge pdfs","[1662,1569,1523,1571,1551,1665,1784,1831,1838,1717,1761,1812,1630]","21914"
"ilovepdf merge pdf","[1583,1636,1604,1785,1834,1782,1766,1825,1870,1861,1984,2033,1812]","23375"
"i love pdf split","[1837,1831,1825,1990,1908,1825,1699,1836,1567,1834,1861,1729,1878]","23620"
"marge pdf file","[1841,1872,1763,2081,1957,1889,2305,2230,2060,1716,2079,2275,1537]","25605"
"combine pdf online","[2013,2019,2092,2047,2102,1971,2028,2114,1896,1885,2133,2020,1956]","26276"
"pdf merger free","[1838,1803,1886,1899,2073,2225,2154,2377,2189,2263,2362,2184,2246]","27499"
"combine","[2271,2141,2065,2112,2169,2136,2194,2176,2180,2030,2153,2367,2191]","28185"
"merge pdf files","[2373,2294,2119,2249,2466,2307,2202,2305,2271,2212,2219,2197,1971]","29185"
"ilovepdf.com","[1997,1999,1943,1973,2579,2392,2425,2446,2379,2095,2360,2352,2350]","29290"
"pdf converter free","[2200,2186,2113,2137,2404,2436,2527,2398,2359,2182,2211,2329,2306]","29788"
"merge pdf ilovepdf","[2227,2135,2053,2094,2355,2376,2452,2404,2657,2569,2595,2495,2469]","30881"
"合并pdf","[2129,1982,2062,2154,2381,2804,3185,3025,2914,1622,2007,2675,2681]","31621"
"combinar pdf","[2419,2176,2222,2222,2499,2667,2519,2379,2554,2592,2537,2581,2640]","32007"
"merge pdf free","[2545,2274,2226,2280,2475,2433,2608,2609,2685,2630,2511,2607,2416]","32299"
"unir pdf gratis","[2185,2240,2114,2338,2545,2748,2506,2558,2645,2697,2630,2619,2504]","32329"
"объединить пдф","[2197,2264,2155,2383,2348,2388,2682,2640,2656,2657,2873,3196,3071]","33510"
"unificar pdf","[2802,2604,2609,2652,2739,2844,2641,2617,2995,2999,2742,2585,2586]","35415"
"i love pdf merge pdf","[3230,3012,2831,3283,3231,3252,3184,3379,3559,3250,3326,3488,3281]","42306"
"pdf joiner","[3434,3411,3050,3249,3267,3478,3699,3558,3544,3426,4080,3628,3479]","45303"
"pdf maker","[4011,3698,3770,4345,4266,4427,5059,4844,4870,4165,4883,4393,3564]","56295"
"pdf merger online","[4655,4421,4144,5001,4753,4666,5237,5126,5018,3629,4994,5082,3331]","60057"
"pdf combine","[4798,4816,4832,5081,4935,4684,4892,4861,5022,5020,4955,4997,4899]","63792"
"merge pdf i love pdf","[4076,4172,3975,4628,5542,5282,4934,5176,7462,4878,5115,5094,3772]","64106"
"pdf merger i love pdf","[4966,4924,4497,4906,6045,5464,5488,5485,6292,4575,5525,5210,4015]","67392"
"merge pdf online","[7091,6347,6141,7002,7501,7246,7440,7664,7807,6331,7340,7525,5642]","91077"
"merge","[7220,6991,6929,6984,6959,6770,7329,7162,7449,6729,7316,7632,7003]","92473"
"pdf creator","[7560,7129,6155,7097,7330,7657,7938,8014,8032,8146,8458,8226,8346]","100088"
"دمج ملفات pdf","[7405,7523,7350,7954,8309,8002,8317,8686,7614,8645,8591,8710,8967]","106073"
"pdf combiner","[8993,8666,8528,8942,8743,9168,10273,10417,10217,10301,10559,10217,9916]","124940"
"fusionner pdf","[9797,8079,6554,7844,9605,9793,10280,10480,10886,11327,11212,11321,10720]","127898"
"i love pdf converter","[10049,10085,9482,9790,9650,9614,10091,10758,10737,10186,10029,9934,8959]","129364"
"pdf合并","[11712,11103,10900,11210,12440,14734,18472,16025,15268,7809,10386,13760,13294]","167113"
"unir pdf ilovepdf","[11655,11385,11433,12086,12675,14366,13265,12136,13560,14240,13729,13056,13606]","167192"
"i love","[12629,12353,12589,12949,13974,14351,14794,14714,15361,15508,15406,14837,14125]","183590"
"ilovepdf merge","[17406,16757,15887,15957,17967,15885,17464,17040,18534,17722,18724,20212,17535]","227090"
"ilove","[17913,16839,16532,16262,18698,18973,19523,18946,20144,19898,19529,19853,19885]","242995"
"i love pdf merge","[18602,18198,17880,19249,20555,19721,20837,20840,20950,19948,21821,22060,19123]","259784"
"pdf love","[20877,20885,20134,20991,22712,23827,22245,20114,22453,23383,21942,21692,22064]","283319"
"pdf merge","[24659,23630,22689,24311,24669,23932,25966,24727,25010,24350,25893,25839,22481]","318156"
"pdf converter","[23491,22657,22357,24283,24700,25689,27465,27101,26808,24700,26292,25625,23877]","325045"
"combine pdf","[29868,28355,28458,28861,29637,28370,31092,30583,30786,30811,30987,30710,29087]","387605"
"juntar pdf","[33105,34750,33323,34573,34645,36424,34787,35320,35570,36784,35916,34995,35410]","455602"
"split pdf","[37802,36458,33884,36556,36225,35077,38010,37970,38666,35575,39241,38948,32760]","477172"
"pdf merger","[37999,35493,33389,35927,35247,36989,40201,40382,40029,35725,41004,40490,31332]","484207"
"unir pdf","[73601,71662,72210,72907,79418,84165,80887,78635,84340,88677,81867,80737,85424]","1034530"
"ilove pdf","[77546,72934,70050,70341,80009,81352,85758,84765,88882,90188,88011,89631,86716]","1066183"
"pdf","[150135,148550,136416,165906,156455,163693,173268,172394,174029,169053,171271,180533,180401]","2142104"
"i love pdf","[753424,708574,665466,669387,762535,785416,838935,809738,843465,849311,837806,872356,798602]","10195015"
"ilovepdf","[931072,952994,895024,1043893,1038107,1093869,1120379,1145751,1170827,1110930,1169575,1129432,1114869]","13916722"
