"Keyword","Trends","Impressions"
"twitter video downloader","[850,920,1020,980,1100,1040,1180,1300,1240,1140,1190,1280,1370]","13710"
"download twitter video","[750,820,920,880,980,920,1060,1180,1120,1020,1070,1160,1250]","12130"
"twitter downloader","[650,720,820,780,880,820,940,1060,1000,900,950,1040,1130]","10590"
"x video downloader","[550,620,720,680,780,720,840,960,900,800,850,940,1030]","9090"
"download x video","[450,520,620,580,680,620,740,860,800,700,750,840,930]","7590"
"twitter video download","[400,470,570,530,630,570,690,810,750,650,700,790,880]","7030"
"save twitter video","[350,420,520,480,580,520,640,760,700,600,650,740,830]","6490"
"twitter video saver","[300,370,470,430,530,470,590,710,650,550,600,690,780]","5950"
"x downloader","[280,350,450,410,510,450,570,690,630,530,580,670,760]","5630"
"twitter gif downloader","[260,330,430,390,490,430,550,670,610,510,560,650,740]","5310"
"download twitter gif","[240,310,410,370,470,410,530,650,590,490,540,630,720]","4990"
"twitter video converter","[220,290,390,350,450,390,510,630,570,470,520,610,700]","4670"
"twitter mp4 downloader","[200,270,370,330,430,370,490,610,550,450,500,590,680]","4350"
"x platform video downloader","[180,250,350,310,410,350,470,590,530,430,480,570,660]","4030"
"twitter video online downloader","[160,230,330,290,390,330,450,570,510,410,460,550,640]","3710"
"download twitter video online","[140,210,310,270,370,310,430,550,490,390,440,530,620]","3390"
"twitter video free download","[120,190,290,250,350,290,410,530,470,370,420,510,600]","3070"
"free twitter downloader","[100,170,270,230,330,270,390,510,450,350,400,490,580]","2750"
"twitter downloader online","[90,160,260,220,320,260,380,500,440,340,390,480,570]","2610"
"twitter video hd download","[80,150,250,210,310,250,370,490,430,330,380,470,560]","2470"
"twitter hd downloader","[70,140,240,200,300,240,360,480,420,320,370,460,550]","2330"
"save twitter gif","[60,130,230,190,290,230,350,470,410,310,360,450,540]","2190"
"twitter video mp4","[50,120,220,180,280,220,340,460,400,300,350,440,530]","2050"
"download x platform video","[45,115,215,175,275,215,335,455,395,295,345,435,525]","1973"
"x video saver","[40,110,210,170,270,210,330,450,390,290,340,430,520]","1910"
"twitter video downloader app","[35,105,205,165,265,205,325,445,385,285,335,425,515]","1848"
"twitter gif saver","[30,100,200,160,260,200,320,440,380,280,330,420,510]","1785"
"twitter video extractor","[25,95,195,155,255,195,315,435,375,275,325,415,505]","1723"
"x video converter","[20,90,190,150,250,190,310,430,370,270,320,410,500]","1660"
"twitter video downloader chrome","[15,85,185,145,245,185,305,425,365,265,315,405,495]","1598"